[
    {
        "title":"Book Store App",
        "description":"API Calling,Reseting password through Email,Authorization,users can search book by category or name,Add review about book,Admin add publish and unpublish the book",
        "skills":["Node Js","Express Js","Mongodb","React Js","HTML","CSS","Material UI"],
        "demo":"",
        "source":""
    },
    {
        "title":"Quiz App",
        "description":"In this quiz app we can add multiple questions and 4 answer choices for each questions,Responsive Design",
        "skills":["HTML","CSS","Javascript"],
        "demo":"",
        "source":"https://github.com/Anusreesudheesh/Quiz-App.git"
    },
    {
        "title":"Netflix Clone",
        "description":"In this quiz app we can add multiple questions and 4 answer choices for each questions,Responsive Design",
        "skills":["HTML","CSS"],
        "demo":"",
        "source":""
    }
    
]