[
    {
        "title":"HTML",
        "imageSrc":"html.png"
    },
    {
        "title":"CSS",
        "imageSrc":"css.png"
    },
    {
        "title":"React",
        "imageSrc":"react.png"
    },
    {
        "title":"Node",
        "imageSrc":"node.png"
    },
    {
        "title":"Express",
        "imageSrc":"expressjs.png"
    },
    {
        "title":"MongoDb",
        "imageSrc":"mongodb.png"
    },

    {
        "title":"Bootstrap",
        "imageSrc":"icons8-bootstrap-48.png"
    },
    {
        "title":"Material UI",
        "imageSrc":"material ui.png"
    }
    
    




   
]